"","Sum Sq","Df","F value","Pr(>F)","mse"
"(Intercept)",0.884112312834176,1,19.2716718260574,1.42281004095862e-05,0.884112312834176
"strategy",0.594388811365338,2,6.47817361178499,0.00168800536157971,0.297194405682669
"l_length",0.109081933402091,4,0.59443556892054,0.666838918995721,0.0272704833505228
"pres_rate",0.0382726877739081,1,0.834259027923137,0.361546361226605,0.0382726877739081
"strategy:l_length",0.910544313463927,8,2.4809787932807,0.0122083274204838,0.113818039182991
"strategy:pres_rate",0.187208105445649,2,2.04035908048889,0.131215667705201,0.0936040527228243
"Residuals",20.0938038233807,438,NA,NA,0.0458762644369421
