"","Sum Sq","Df","F value","Pr(>F)"
"(Intercept)",0.41706047945816,1,59.7946064393225,7.23641490870556e-14
"strategy",0.0891424216101178,2,6.39024347757684,0.00183778346720322
"l_length",0.216230965343591,4,7.75034204242546,4.83609316282841e-06
"pres_rate",0.000729543506802433,1,0.104595781710818,0.746536357253865
"strategy:l_length",0.115645781522391,8,2.07253933574669,0.0371772862770248
"strategy:pres_rate",0.0191669156720247,2,1.37399518260921,0.254177517930065
"Residuals",3.06894922283344,440,NA,NA
