"","Sum Sq","Df","F value","Pr(>F)"
"(Intercept)",170.375503458834,1,24.5329701196624,1.04498389594363e-06
"strategy",5.98467670080709,2,0.430877361170102,0.650213800862456
"l_length",305.870475649717,4,11.0108423559472,1.61953098763499e-08
"pres_rate",6.63462787858498,1,0.955343486569547,0.328902406593831
"strategy:l_length",88.4662595295345,8,1.5923211212702,0.124757128880355
"strategy:pres_rate",1.06695175886034,2,0.0768170748958828,0.926071710902067
"Residuals",3041.80334264379,438,NA,NA
