"","Sum Sq","Df","F value","Pr(>F)"
"(Intercept)",0.0760543350005793,1,4.67104576035094,0.031216480095189
"strategy",0.122735733454867,2,3.76904371981921,0.0238259961497341
"l_length",0.0356181672091198,4,0.546892195337592,0.701391981385202
"pres_rate",0.0217825245576853,1,1.33782208448921,0.248048857275142
"strategy:l_length",0.0487979191017445,8,0.374629061467067,0.933902828647534
"strategy:pres_rate",0.00335423950402536,2,0.103004031357055,0.902145182563672
"Residuals",7.13155050053523,438,NA,NA
