"","Sum Sq","Df","F value","Pr(>F)"
"(Intercept)",3.58507409750346,1,675.768234900123,8.38647023146212e-91
"strategy",0.0575281949276927,2,5.4218860874241,0.00472041964948887
"l_length",0.0319440091078622,4,1.50532081509039,0.199604793917034
"pres_rate",0.000216201653944648,1,0.0407529122397785,0.840109340170163
"strategy:l_length",0.0316438843708275,8,0.745588909220483,0.651161687735873
"strategy:pres_rate",0.00503499741478697,2,0.474535703193229,0.622493354853656
"Residuals",2.32367011885162,438,NA,NA
