"","Sum Sq","Df","F value","Pr(>F)"
"(Intercept)",0.139998358351406,1,16.0213186197688,7.35461369773782e-05
"strategy",0.0413894747732342,2,2.36829192376101,0.094838673281865
"l_length",0.152518649436157,4,4.36353309218814,0.00180401213864812
"pres_rate",0.0617991985160988,1,7.07225900026292,0.00811564420617303
"strategy:l_length",0.113006155628209,8,1.6165436211493,0.117761288364017
"strategy:pres_rate",0.0308588817066777,2,1.7657349053746,0.172276484027238
"Residuals",3.82735543891209,438,NA,NA
