"","Sum Sq","Df","F value","Pr(>F)","mse"
"(Intercept)",2.03854365558635,1,2.80405345706238,0.0947401417689155,2.03854365558635
"strategy",0.298484082117909,2,0.205285111272261,0.814493397806307,0.149242041058955
"l_length",8.81930463116538,4,3.03277802907689,0.0174005434020686,2.20482615779135
"pres_rate",1.52078342039448,1,2.09186494275675,0.14880040164511,1.52078342039448
"strategy:l_length",6.80137362993452,8,1.16942646699815,0.316018757843594,0.850171703741815
"strategy:pres_rate",1.30302525755695,2,0.896167336931823,0.408877889638648,0.651512628778477
"Residuals",318.425498949737,438,NA,NA,0.726998856049628
