"","Sum Sq","Df","F value","Pr(>F)"
"(Intercept)",1.88902757364292,1,2.60802798798165,0.107040720341971
"strategy",0.313196306286557,2,0.216202437678714,0.805657735846487
"l_length",9.00410998147072,4,3.10781207831373,0.0153422667933384
"pres_rate",1.78152898107209,1,2.4596133528513,0.117526376232807
"strategy:l_length",6.78331512014273,8,1.17064699924647,0.315238383637671
"strategy:pres_rate",1.42451413413147,2,0.983355876570331,0.374874227808431
"Residuals",318.697550882546,440,NA,NA
