"","Sum Sq","Df","F value","Pr(>F)","mse"
"(Intercept)",0.436337801514414,1,14.079341828677,0.000198839247597874,0.436337801514414
"strategy",0.221570371722402,2,3.57471320586886,0.028844036340132,0.110785185861201
"l_length",0.0656202446946708,4,0.529343236324654,0.714233954188569,0.0164050611736677
"pres_rate",0.0617944802345001,1,1.99392674053754,0.158640962255107,0.0617944802345001
"strategy:l_length",0.556940367315159,8,2.24635413846903,0.0233283782643871,0.0696175459143948
"strategy:pres_rate",0.242836067547719,2,3.91780404020655,0.0205854112290611,0.12141803377386
"Residuals",13.5742110241294,438,NA,NA,0.0309913493701584
