"","Sum Sq","Df","F value","Pr(>F)","mse"
"(Intercept)",1.18555164832966,1,51.8485413399928,2.62988322589396e-12,1.18555164832966
"strategy",0.0965963279419064,2,2.11225664847408,0.122195224663708,0.0482981639709532
"l_length",0.232443009915899,4,2.5413972950476,0.0392274140123388,0.0581107524789748
"pres_rate",0.0798389904339984,1,3.49165319106318,0.0623462656868053,0.0798389904339984
"strategy:l_length",0.443722535924879,8,2.42570265494143,0.0142444151113301,0.0554653169906099
"strategy:pres_rate",0.131018646292087,2,2.86496404781527,0.0580537410514167,0.0655093231460437
"Residuals",10.0151635619468,438,NA,NA,0.0228656702327553
