"","Sum Sq","Df","F value","Pr(>F)"
"(Intercept)",1.16376195820936,1,50.8427963898058,4.13480765157219e-12
"strategy",0.0980283145491754,2,2.14134583189517,0.118719502779003
"l_length",0.215372869084536,4,2.35231931528377,0.0533341321618248
"pres_rate",0.0977142383837801,1,4.26897020605113,0.0393991699461291
"strategy:l_length",0.443564798825687,8,2.42232470666506,0.0143722875021298
"strategy:pres_rate",0.148564586020086,2,3.24526804836327,0.0398925761391914
"Residuals",10.0713433951636,440,NA,NA
