"contrast","estimate","SE","df","t.ratio","p.value"
"ns - prim",0.0877675180095655,0.00998400158176816,438,8.79081571559827,0
"ns - rec",-0.049084690373456,0.0104030383588131,438,-4.7183033149035,9.5532909399898e-06
"prim - rec",-0.136852208383022,0.00982479260301759,438,-13.9292719869719,0
