"","Sum Sq","Df","F value","Pr(>F)","mse"
"(Intercept)",0.408187098930308,1,58.3695114256682,1.38090064100675e-13,0.408187098930308
"strategy",0.0924784914541035,2,6.61207125078746,0.00148221193416446,0.0462392457270517
"l_length",0.209319353229316,4,7.48300743210044,7.74721457486324e-06,0.0523298383073291
"pres_rate",0.000680016045262022,1,0.097240222504769,0.755315334629723,0.000680016045262022
"strategy:l_length",0.113106973403749,8,2.0217440708299,0.0425129899403449,0.0141383716754686
"strategy:pres_rate",0.0168268338394308,2,1.20309298434757,0.301254337292806,0.00841341691971542
"Residuals",3.06300232715077,438,NA,NA,0.00699315599806111
