"","Sum Sq","Df","F value","Pr(>F)"
"(Intercept)",172.353314810779,1,24.928530101799,8.59114343480051e-07
"strategy",6.02453031359028,2,0.435682613462979,0.647101722792616
"l_length",307.403363842026,4,11.1154143123724,1.34481170722019e-08
"pres_rate",7.20294976613923,1,1.04180734942104,0.307962369740839
"strategy:l_length",88.3215849600861,8,1.59681240518445,0.123416972135311
"strategy:pres_rate",1.14801362884873,2,0.0830221697083404,0.920345157166404
"Residuals",3042.11512700743,440,NA,NA
