"","Sum Sq","Df","F value","Pr(>F)","mse"
"(Intercept)",0.461571920390089,1,7.23041552287966,0.00744137235359399,0.461571920390089
"strategy",0.211258751952087,2,1.65465931957865,0.19234979401097,0.105629375976044
"l_length",1.11815773974966,4,4.37891947135849,0.00175671688600034,0.279539434937415
"pres_rate",2.51042080350317e-05,1,0.000393251511731238,0.984187561536457,2.51042080350317e-05
"strategy:l_length",0.831038954138776,8,1.62725370865403,0.114779469585602,0.103879869267347
"strategy:pres_rate",0.00069091730998494,2,0.00541152854242023,0.994603153899392,0.00034545865499247
"Residuals",27.9608413224834,438,NA,NA,0.0638375372659438
