"","Sum Sq","Df","F value","Pr(>F)"
"(Intercept)",0.483691047203617,1,7.61011652946344,0.00604614583269574
"strategy",0.223622751109239,2,1.75917582558037,0.173395582984126
"l_length",1.12486770893822,4,4.42450526774314,0.00162269709901476
"pres_rate",0.000267377990230244,1,0.004206771398457,0.94831522165841
"strategy:l_length",0.844372616720843,8,1.66060909248868,0.10589919708064
"strategy:pres_rate",0.00106066800613647,2,0.00834396994986574,0.991690901261312
"Residuals",27.9659398046822,440,NA,NA
