"","Sum Sq","Df","F value","Pr(>F)","mse"
"(Intercept)",0.131652011515882,1,0.363637869057725,0.546796554567247,0.131652011515882
"l_length",0.295256935019779,4,0.203883331213202,0.936208361961527,0.0738142337549448
"pres_rate",0.281196537754312,1,0.77669690419468,0.37862371859198,0.281196537754312
"Residuals",162.918689782396,450,NA,NA,0.362041532849769
