"","Sum Sq","Df","F value","Pr(>F)"
"(Intercept)",0.0775147770234863,1,4.78247958250612,0.0292765436585312
"strategy",0.12394148231782,2,3.82344909816949,0.0225819439214516
"l_length",0.0362982256663624,4,0.559878805682367,0.691913403877603
"pres_rate",0.0225023489057294,1,1.38834204692962,0.239322130394659
"strategy:l_length",0.0491781924882444,8,0.379272363462264,0.931544776132079
"strategy:pres_rate",0.00340314791111673,2,0.104983114356588,0.900362270777191
"Residuals",7.13155201228511,440,NA,NA
