"","Sum Sq","Df","F value","Pr(>F)","mse"
"(Intercept)",0.0760543350005793,1,4.67104576035094,0.031216480095189,0.0760543350005793
"strategy",0.122735733454866,2,3.76904371981919,0.0238259961497347,0.0613678667274331
"l_length",0.0356181672091207,4,0.546892195337606,0.701391981385192,0.00890454180228017
"pres_rate",0.0217825245576853,1,1.33782208448921,0.248048857275142,0.0217825245576853
"strategy:l_length",0.0487979191017445,8,0.374629061467067,0.933902828647534,0.00609973988771806
"strategy:pres_rate",0.00335423950402536,2,0.103004031357055,0.902145182563672,0.00167711975201268
"Residuals",7.13155050053523,438,NA,NA,0.0162820787683453
