condition,l_length,pres_rate,t_stat,p_val,dof,p_val_fdr
10-2,10.0,2000.0,-13.083865412843252,2.308614053200458e-20,69,5.656104430341121e-20
15-2,15.0,2000.0,-15.244305385841818,6.526625881449355e-27,92,3.198046681910184e-26
20-1,20.0,1000.0,-15.153231292961886,8.55524240958331e-24,70,2.5152412684174926e-23
20-2,20.0,2000.0,-17.222420188982774,1.3315928977967212e-27,74,1.9574415597611797e-26
30-1,30.0,1000.0,-15.67154031970676,2.2931515857876445e-25,75,8.427332077769592e-25
40-1,40.0,1000.0,-17.133683939359088,4.123751025226106e-27,72,3.030957003541188e-26
