"","Sum Sq","Df","F value","Pr(>F)"
"(Intercept)",71591762.5866883,1,15.1641951759115,0.000113853583764998
"strategy",40268426.3300283,2,4.2647244196283,0.0146412133274924
"l_length",39254257.8203087,4,2.0786582337316,0.0826474744503146
"pres_rate",6025986.93827772,1,1.27639324355073,0.259186244319879
"strategy:l_length",57852887.2883387,8,1.53176224930223,0.143837278449553
"strategy:pres_rate",20125808.515856,2,2.13147209525618,0.119886128928453
"Residuals",2077286342.77812,440,NA,NA
