"","Sum Sq","Df","F value","Pr(>F)","mse"
"(Intercept)",1.99858493830034,1,2055.38345080555,1.61702390761832e-167,1.99858493830034
"strategy",0.00419680677753664,2,2.15803867813425,0.116778617208546,0.00209840338876832
"l_length",0.00939681124280484,4,2.41596566008721,0.0481180883354994,0.00234920281070121
"pres_rate",0.00219464917502987,1,2.2570197084126,0.133730414928432,0.00219464917502987
"strategy:l_length",0.0209108460212121,8,2.68813987028328,0.00679277339841448,0.00261385575265152
"strategy:pres_rate",0.00381761090274629,2,1.96305248797497,0.141662672069593,0.00190880545137315
"Residuals",0.425896298149365,438,NA,NA,0.000972365977509965
