"","Sum Sq","Df","F value","Pr(>F)"
"(Intercept)",2.05711291314819,1,2115.65705985211,3.38698765135653e-170
"strategy",0.00500981135983725,2,2.57619372865301,0.0772099550604818
"l_length",0.010064603987503,4,2.58775908029634,0.0363545173368924
"pres_rate",0.00304581851907754,1,3.13250060885233,0.0774384362844651
"strategy:l_length",0.0217600468289547,8,2.7974155187437,0.00495917182356099
"strategy:pres_rate",0.00453581840330736,2,2.33245247886717,0.0982564103478409
"Residuals",0.427824385606463,440,NA,NA
