condition,l_length,pres_rate,prim_t_stat,prim_p_val,prim_dof,rec_t_stat,rec_p_val,rec_dof,prim_p_val_fdr,rec_p_val_fdr
10-2,10.0,2000.0,-2.785975017674417,0.006885175191111935,69,6.198752824340594,3.639420916782172e-08,69,0.021366149174409804,2.710533564350816e-07
15-2,15.0,2000.0,-3.9858096119191693,0.00013457763983063586,92,4.375055437071415,3.198003312897856e-05,92,0.0004617910109295113,0.00013232104039383668
20-2,20.0,2000.0,-5.197390955467998,1.7693270487447167e-06,73,4.027749226948092,0.00013640982536495603,73,8.235891886367384e-06,0.0004617910109295113
20-1,20.0,1000.0,-6.307937275011765,2.329543985197e-08,69,7.092182119040691,9.052494805330562e-10,69,2.1687197310674364e-07,1.6855079126609098e-08
30-1,30.0,1000.0,-5.920553592709004,9.011335496675736e-08,75,6.6589000743450075,4.0185358204048926e-09,75,4.959260358308362e-07,4.988145307461028e-08
40-1,40.0,1000.0,-7.146750758767326,5.923042944381231e-10,72,5.938440688982049,9.322286417717327e-08,72,1.6855079126609098e-08,4.959260358308362e-07
