"","Sum Sq","Df","F value","Pr(>F)"
"(Intercept)",3.62228488066899,1,684.543737030831,1.07625905412091e-91
"strategy",0.0610367488730801,2,5.76739896864129,0.00336914168475322
"l_length",0.0338768354872174,4,1.60052124054055,0.173143731891592
"pres_rate",0.000695600061005663,1,0.131455333008415,0.717101935554338
"strategy:l_length",0.0322903686975491,8,0.762784070914973,0.635858950958866
"strategy:pres_rate",0.00484844987138144,2,0.45813293309348,0.632764742243023
"Residuals",2.328273945515,440,NA,NA
