"","Sum Sq","Df","F value","Pr(>F)"
"(Intercept)",0.142025461484369,1,16.3222834506871,6.30529036151924e-05
"strategy",0.0403758676504666,2,2.32009933103043,0.0994648570718334
"l_length",0.155427758557885,4,4.46563578243675,0.00151132324506228
"pres_rate",0.0630098107964572,1,7.24140573982313,0.00739546041320586
"strategy:l_length",0.113308577450136,8,1.62774925989133,0.114627098509098
"strategy:pres_rate",0.0301496690408474,2,1.73247613099035,0.178050118705747
"Residuals",3.82858214917789,440,NA,NA
