"","Sum Sq","Df","F value","Pr(>F)","mse"
"(Intercept)",0.139998358351406,1,16.0213186197688,7.35461369773783e-05,0.139998358351406
"strategy",0.0413894747732346,2,2.36829192376103,0.0948386732818627,0.0206947373866173
"l_length",0.152518649436157,4,4.36353309218816,0.00180401213864808,0.0381296623590394
"pres_rate",0.0617991985160988,1,7.07225900026292,0.00811564420617304,0.0617991985160988
"strategy:l_length",0.113006155628209,8,1.6165436211493,0.117761288364017,0.0141257694535261
"strategy:pres_rate",0.0308588817066777,2,1.7657349053746,0.172276484027238,0.0154294408533389
"Residuals",3.82735543891209,438,NA,NA,0.00873825442673994
